date,city,temperature,humidity,wind_speed,demand_kwh,outage_label,day_of_week,month,season
2024-01-01,Islamabad,12.0,68.9,4.28,14158.89,0,0,1,0
2024-01-02,Islamabad,11.1,78.1,2.8,12960.65,0,1,1,0
2024-01-03,Islamabad,11.0,54.7,1.43,12912.43,0,2,1,0
2024-01-04,Islamabad,8.3,64.1,2.66,11587.75,0,3,1,0
2024-01-05,Islamabad,10.3,58.6,2.85,13109.48,0,4,1,0
2024-01-06,Islamabad,7.6,77.6,3.85,11402.02,0,5,1,0
2024-01-07,Islamabad,9.9,61.5,4.49,11578.78,0,6,1,0
2024-01-08,Islamabad,21.1,79.5,3.76,15663.53,0,0,1,0
2024-01-09,Islamabad,9.5,67.6,1.73,12547.56,0,1,1,0
2024-01-10,Islamabad,4.6,63.0,2.14,11989.87,0,2,1,0
2024-01-11,Islamabad,7.3,74.9,4.74,12924.1,0,3,1,0
2024-01-12,Islamabad,9.2,65.0,1.69,13384.09,0,4,1,0
2024-01-13,Islamabad,5.6,60.4,4.48,11993.05,0,5,1,0
2024-01-14,Islamabad,5.8,69.4,4.67,11767.53,0,6,1,0
2024-01-15,Islamabad,9.9,82.5,0.36,13382.29,1,0,1,0
2024-01-16,Islamabad,4.3,78.3,4.58,11874.5,0,1,1,0
2024-01-17,Islamabad,15.9,65.9,2.53,13931.44,0,2,1,0
2024-01-18,Islamabad,12.0,79.3,3.81,13558.42,0,3,1,0
2024-01-19,Islamabad,10.4,77.7,2.66,12913.83,0,4,1,0
2024-01-20,Islamabad,15.1,67.7,0.31,13391.75,0,5,1,0
2024-01-21,Islamabad,8.6,63.6,3.31,12127.85,0,6,1,0
2024-01-22,Islamabad,6.2,81.2,3.48,11408.8,0,0,1,0
2024-01-23,Islamabad,10.2,89.7,3.27,13198.96,0,1,1,0
2024-01-24,Islamabad,11.4,69.9,4.42,12696.96,0,2,1,0
2024-01-25,Islamabad,13.2,62.7,5.18,12931.9,0,3,1,0
2024-01-26,Islamabad,6.5,70.6,2.91,12757.07,0,4,1,0
2024-01-27,Islamabad,10.4,66.0,1.64,12314.0,0,5,1,0
2024-01-28,Islamabad,12.1,62.7,4.24,12548.6,0,6,1,0
2024-01-29,Islamabad,6.9,67.4,4.48,11757.97,0,0,1,0
2024-01-30,Islamabad,15.5,90.3,3.11,13988.18,0,1,1,0
2024-01-31,Islamabad,11.0,76.3,2.02,12547.68,0,2,1,0
2024-02-01,Islamabad,12.5,79.7,3.77,13917.81,1,3,2,0
2024-02-02,Islamabad,11.2,64.3,5.74,13471.37,0,4,2,0
2024-02-03,Islamabad,12.9,62.4,2.6,12222.39,0,5,2,0
2024-02-04,Islamabad,13.9,73.3,4.49,13919.1,0,6,2,0
2024-02-05,Islamabad,4.5,63.8,4.55,11784.31,0,0,2,0
2024-02-06,Islamabad,10.1,81.6,3.18,14370.49,0,1,2,0
2024-02-07,Islamabad,6.1,77.8,3.55,12160.95,0,2,2,0
2024-02-08,Islamabad,9.1,75.7,4.07,12784.82,0,3,2,0
2024-02-09,Islamabad,8.2,76.2,4.75,12466.96,0,4,2,0
2024-02-10,Islamabad,10.9,60.0,3.71,12563.93,0,5,2,0
2024-02-11,Islamabad,10.9,63.5,4.77,12410.44,0,6,2,0
2024-02-12,Islamabad,14.3,78.4,1.85,13397.53,0,0,2,0
2024-02-13,Islamabad,11.2,72.1,3.53,13679.52,0,1,2,0
2024-02-14,Islamabad,12.3,79.1,4.64,13782.41,0,2,2,0
2024-02-15,Islamabad,5.4,58.0,3.7,11649.98,1,3,2,0
2024-02-16,Islamabad,19.3,55.1,4.32,14045.37,1,4,2,0
2024-02-17,Islamabad,6.4,67.3,5.37,11549.78,0,5,2,0
2024-02-18,Islamabad,7.1,71.7,3.55,11289.91,0,6,2,0
2024-02-19,Islamabad,15.5,76.6,3.52,14311.79,0,0,2,0
2024-02-20,Islamabad,7.4,76.8,2.55,12413.2,1,1,2,0
2024-02-21,Islamabad,6.9,83.3,3.1,12223.62,0,2,2,0
2024-02-22,Islamabad,17.1,73.2,1.99,14871.29,0,3,2,0
2024-02-23,Islamabad,11.5,83.2,1.91,14223.69,0,4,2,0
2024-02-24,Islamabad,15.1,64.3,4.03,13600.85,0,5,2,0
2024-02-25,Islamabad,9.9,62.5,1.95,12131.89,0,6,2,0
2024-02-26,Islamabad,16.5,58.6,2.97,14371.3,0,0,2,0
2024-02-27,Islamabad,10.2,88.8,3.99,13501.68,0,1,2,0
2024-02-28,Islamabad,10.8,65.2,3.58,12966.59,0,2,2,0
2024-02-29,Islamabad,2.4,80.2,2.76,12537.76,0,3,2,0
2024-03-01,Islamabad,24.2,60.9,3.84,15536.87,0,4,3,1
2024-03-02,Islamabad,29.4,50.4,2.75,15907.25,0,5,3,1
2024-03-03,Islamabad,29.5,58.1,4.48,16414.41,0,6,3,1
2024-03-04,Islamabad,27.8,47.9,1.35,15941.45,0,0,3,1
2024-03-05,Islamabad,27.7,53.0,3.24,17096.49,0,1,3,1
2024-03-06,Islamabad,23.0,57.6,3.51,16057.55,0,2,3,1
2024-03-07,Islamabad,28.4,51.9,3.89,16616.88,0,3,3,1
2024-03-08,Islamabad,34.6,65.7,1.35,17688.93,0,4,3,1
2024-03-09,Islamabad,30.8,62.9,4.25,16672.28,0,5,3,1
2024-03-10,Islamabad,21.5,54.9,0.99,15386.07,0,6,3,1
2024-03-11,Islamabad,20.9,51.8,4.0,14892.64,0,0,3,1
2024-03-12,Islamabad,22.8,57.0,4.17,16002.97,0,1,3,1
2024-03-13,Islamabad,17.8,40.9,2.64,14445.19,0,2,3,1
2024-03-14,Islamabad,14.8,70.7,3.14,13960.64,0,3,3,1
2024-03-15,Islamabad,26.6,46.7,4.12,17089.09,0,4,3,1
2024-03-16,Islamabad,17.8,46.6,3.09,13983.23,0,5,3,1
2024-03-17,Islamabad,26.1,55.1,3.62,15037.59,0,6,3,1
2024-03-18,Islamabad,36.4,59.1,2.98,19205.74,0,0,3,1
2024-03-19,Islamabad,29.4,56.8,6.13,16468.17,0,1,3,1
2024-03-20,Islamabad,24.2,41.4,4.74,14937.21,0,2,3,1
2024-03-21,Islamabad,26.7,73.8,4.64,16053.3,0,3,3,1
2024-03-22,Islamabad,28.7,69.8,4.34,16675.81,0,4,3,1
2024-03-23,Islamabad,30.9,50.3,1.44,17056.38,0,5,3,1
2024-03-24,Islamabad,26.4,57.8,0.56,15024.99,0,6,3,1
2024-03-25,Islamabad,25.0,55.5,2.96,16316.67,0,0,3,1
2024-03-26,Islamabad,18.2,60.4,4.77,15402.1,0,1,3,1
2024-03-27,Islamabad,26.7,47.5,5.36,16390.15,0,2,3,1
2024-03-28,Islamabad,25.8,66.5,4.73,16253.02,0,3,3,1
2024-03-29,Islamabad,28.2,68.7,2.34,16988.4,0,4,3,1
2024-03-30,Islamabad,16.3,69.4,4.56,13400.59,0,5,3,1
2024-03-31,Islamabad,32.5,55.7,5.45,16012.31,0,6,3,1
2024-04-01,Islamabad,24.9,63.0,3.16,15152.94,0,0,4,1
2024-04-02,Islamabad,14.7,54.1,1.93,14267.39,0,1,4,1
2024-04-03,Islamabad,19.5,59.9,4.4,14753.4,0,2,4,1
2024-04-04,Islamabad,20.1,60.0,2.86,14617.84,0,3,4,1
2024-04-05,Islamabad,17.8,53.1,3.57,13424.51,0,4,4,1
2024-04-06,Islamabad,21.5,57.1,3.37,14389.79,0,5,4,1
2024-04-07,Islamabad,21.3,60.8,2.84,13849.56,0,6,4,1
2024-04-08,Islamabad,17.4,68.7,5.47,14360.29,1,0,4,1
2024-04-09,Islamabad,29.3,45.1,3.53,17335.71,0,1,4,1
2024-04-10,Islamabad,24.4,45.4,1.57,15973.81,0,2,4,1
2024-04-11,Islamabad,24.1,54.5,2.23,15485.91,0,3,4,1
2024-04-12,Islamabad,33.4,63.8,3.49,18427.11,0,4,4,1
2024-04-13,Islamabad,36.9,65.1,2.97,18365.35,1,5,4,1
2024-04-14,Islamabad,20.6,41.2,4.61,15279.09,0,6,4,1
2024-04-15,Islamabad,25.1,56.3,3.07,15908.44,0,0,4,1
2024-04-16,Islamabad,21.7,50.1,2.79,14917.36,0,1,4,1
2024-04-17,Islamabad,12.5,61.8,3.97,13454.79,0,2,4,1
2024-04-18,Islamabad,22.1,62.6,4.1,14934.45,0,3,4,1
2024-04-19,Islamabad,35.2,71.2,4.62,17662.45,1,4,4,1
2024-04-20,Islamabad,21.2,37.0,1.55,14460.78,0,5,4,1
2024-04-21,Islamabad,17.4,63.0,2.13,13809.58,0,6,4,1
2024-04-22,Islamabad,21.7,55.5,2.47,15155.89,0,0,4,1
2024-04-23,Islamabad,22.0,62.6,4.83,15783.85,0,1,4,1
2024-04-24,Islamabad,12.6,47.0,4.19,13426.83,0,2,4,1
2024-04-25,Islamabad,25.8,55.9,4.09,16959.8,0,3,4,1
2024-04-26,Islamabad,26.7,50.9,2.91,16121.32,0,4,4,1
2024-04-27,Islamabad,27.7,65.3,0.85,15923.87,0,5,4,1
2024-04-28,Islamabad,31.0,50.9,1.05,15897.17,0,6,4,1
2024-04-29,Islamabad,30.3,46.6,1.6,17059.62,0,0,4,1
2024-04-30,Islamabad,29.1,32.9,3.78,17214.84,0,1,4,1
2024-05-01,Islamabad,25.8,60.7,2.45,15965.01,0,2,5,1
2024-05-02,Islamabad,28.2,77.7,3.72,16756.89,0,3,5,1
2024-05-03,Islamabad,19.5,46.8,5.31,15109.63,0,4,5,1
2024-05-04,Islamabad,30.2,49.9,3.18,15748.16,0,5,5,1
2024-05-05,Islamabad,22.9,49.5,4.66,15259.37,0,6,5,1
2024-05-06,Islamabad,27.1,73.8,2.57,15791.11,0,0,5,1
2024-05-07,Islamabad,25.9,63.4,2.43,15008.23,0,1,5,1
2024-05-08,Islamabad,26.4,43.7,6.43,16344.58,1,2,5,1
2024-05-09,Islamabad,33.9,60.9,3.76,18003.22,0,3,5,1
2024-05-10,Islamabad,34.4,68.5,5.41,17626.42,0,4,5,1
2024-05-11,Islamabad,24.5,62.8,6.55,15371.75,0,5,5,1
2024-05-12,Islamabad,24.2,50.7,2.29,14214.56,0,6,5,1
2024-05-13,Islamabad,23.9,61.3,5.02,15360.88,0,0,5,1
2024-05-14,Islamabad,23.7,40.0,3.21,15604.05,0,1,5,1
2024-05-15,Islamabad,29.0,53.4,4.8,15881.99,0,2,5,1
2024-05-16,Islamabad,23.7,43.9,6.59,15760.72,1,3,5,1
2024-05-17,Islamabad,21.1,61.7,3.36,15294.97,0,4,5,1
2024-05-18,Islamabad,24.8,49.6,2.64,15220.46,0,5,5,1
2024-05-19,Islamabad,31.9,28.4,1.01,15968.26,0,6,5,1
2024-05-20,Islamabad,23.3,51.3,1.81,15268.4,0,0,5,1
2024-05-21,Islamabad,23.2,54.3,4.08,15251.78,0,1,5,1
2024-05-22,Islamabad,28.6,43.7,2.87,16966.36,0,2,5,1
2024-05-23,Islamabad,23.2,52.7,4.48,15179.11,0,3,5,1
2024-05-24,Islamabad,23.2,66.6,2.2,15947.0,0,4,5,1
2024-05-25,Islamabad,16.7,72.6,2.01,13122.07,0,5,5,1
2024-05-26,Islamabad,17.2,61.1,1.96,14520.77,0,6,5,1
2024-05-27,Islamabad,16.2,49.6,4.67,14231.05,0,0,5,1
2024-05-28,Islamabad,23.2,54.4,3.87,14781.3,0,1,5,1
2024-05-29,Islamabad,21.9,50.8,1.95,15427.55,0,2,5,1
2024-05-30,Islamabad,26.0,45.2,3.99,15344.55,0,3,5,1
2024-05-31,Islamabad,22.7,60.3,5.44,16316.1,0,4,5,1
2024-06-01,Islamabad,32.5,47.2,2.75,16708.52,0,5,6,2
2024-06-02,Islamabad,37.0,62.0,1.78,17881.7,0,6,6,2
2024-06-03,Islamabad,35.2,46.5,2.33,18572.88,0,0,6,2
2024-06-04,Islamabad,44.2,57.0,3.61,19938.31,1,1,6,2
2024-06-05,Islamabad,36.3,61.2,6.57,18206.59,1,2,6,2
2024-06-06,Islamabad,36.9,62.4,3.72,18221.27,0,3,6,2
2024-06-07,Islamabad,36.1,78.1,4.35,17942.59,0,4,6,2
2024-06-08,Islamabad,34.7,69.3,1.38,17719.4,0,5,6,2
2024-06-09,Islamabad,37.8,66.2,3.71,17087.67,0,6,6,2
2024-06-10,Islamabad,40.5,66.2,5.04,19621.12,0,0,6,2
2024-06-11,Islamabad,37.8,43.4,4.02,18661.74,1,1,6,2
2024-06-12,Islamabad,40.5,61.3,4.04,18984.45,0,2,6,2
2024-06-13,Islamabad,37.9,66.8,3.53,18591.14,0,3,6,2
2024-06-14,Islamabad,33.8,65.0,2.25,18395.87,0,4,6,2
2024-06-15,Islamabad,37.4,55.6,5.24,17786.15,1,5,6,2
2024-06-16,Islamabad,40.6,62.8,1.88,18613.41,1,6,6,2
2024-06-17,Islamabad,38.2,70.7,2.88,19354.04,0,0,6,2
2024-06-18,Islamabad,40.8,63.1,1.48,18272.6,0,1,6,2
2024-06-19,Islamabad,36.7,57.2,1.89,17888.56,1,2,6,2
2024-06-20,Islamabad,32.2,47.9,2.22,17781.1,0,3,6,2
2024-06-21,Islamabad,41.0,57.9,3.44,19528.0,0,4,6,2
2024-06-22,Islamabad,41.5,76.2,1.62,18537.24,1,5,6,2
2024-06-23,Islamabad,36.1,54.4,2.74,18020.62,1,6,6,2
2024-06-24,Islamabad,36.9,48.3,4.46,18900.23,1,0,6,2
2024-06-25,Islamabad,36.3,66.3,3.74,17510.79,0,1,6,2
2024-06-26,Islamabad,35.5,61.6,3.06,18387.83,1,2,6,2
2024-06-27,Islamabad,38.9,63.3,4.29,19776.62,1,3,6,2
2024-06-28,Islamabad,32.8,47.4,4.56,17075.53,0,4,6,2
2024-06-29,Islamabad,36.4,62.2,3.48,18083.63,0,5,6,2
2024-06-30,Islamabad,41.6,63.4,5.09,17957.47,0,6,6,2
2024-07-01,Islamabad,39.8,56.4,4.21,19504.71,0,0,7,2
2024-07-02,Islamabad,39.2,67.2,4.1,19272.09,0,1,7,2
2024-07-03,Islamabad,42.1,66.5,3.3,19502.65,0,2,7,2
2024-07-04,Islamabad,35.9,64.9,4.0,18386.48,0,3,7,2
2024-07-05,Islamabad,38.6,60.5,1.87,19087.79,0,4,7,2
2024-07-06,Islamabad,42.5,62.1,3.82,18496.39,0,5,7,2
2024-07-07,Islamabad,37.7,62.8,4.23,17836.13,1,6,7,2
2024-07-08,Islamabad,38.5,64.1,3.28,18502.99,0,0,7,2
2024-07-09,Islamabad,38.4,53.0,4.93,17918.19,1,1,7,2
2024-07-10,Islamabad,39.1,54.7,3.34,17802.64,0,2,7,2
2024-07-11,Islamabad,36.3,78.8,1.76,17167.48,1,3,7,2
2024-07-12,Islamabad,39.9,69.9,4.85,19644.45,1,4,7,2
2024-07-13,Islamabad,40.0,59.0,5.72,17655.08,1,5,7,2
2024-07-14,Islamabad,40.7,57.9,2.65,18004.17,1,6,7,2
2024-07-15,Islamabad,34.2,74.4,3.4,18407.72,0,0,7,2
2024-07-16,Islamabad,38.8,57.7,4.35,19123.07,0,1,7,2
2024-07-17,Islamabad,39.9,73.3,3.74,19340.14,0,2,7,2
2024-07-18,Islamabad,34.9,59.5,3.95,17602.87,0,3,7,2
2024-07-19,Islamabad,37.9,45.7,3.65,18235.38,1,4,7,2
2024-07-20,Islamabad,36.1,70.0,3.17,17406.54,1,5,7,2
2024-07-21,Islamabad,36.6,35.8,1.6,17908.82,0,6,7,2
2024-07-22,Islamabad,39.1,64.8,3.47,18537.78,1,0,7,2
2024-07-23,Islamabad,38.0,48.4,5.3,19036.52,0,1,7,2
2024-07-24,Islamabad,35.4,60.4,3.18,18031.14,1,2,7,2
2024-07-25,Islamabad,35.0,57.2,5.66,18319.45,0,3,7,2
2024-07-26,Islamabad,36.5,55.6,3.83,17904.65,0,4,7,2
2024-07-27,Islamabad,38.2,53.5,4.34,18032.52,0,5,7,2
2024-07-28,Islamabad,36.3,70.9,3.64,17927.39,0,6,7,2
2024-07-29,Islamabad,44.2,53.1,5.58,19944.11,1,0,7,2
2024-07-30,Islamabad,34.9,54.7,4.24,18545.72,0,1,7,2
2024-07-31,Islamabad,43.2,64.4,3.55,19696.54,1,2,7,2
2024-08-01,Islamabad,36.5,62.1,4.81,18243.28,0,3,8,2
2024-08-02,Islamabad,36.6,75.7,2.03,17577.9,0,4,8,2
2024-08-03,Islamabad,33.3,80.0,3.37,17753.33,0,5,8,2
2024-08-04,Islamabad,37.5,68.8,4.28,16908.23,0,6,8,2
2024-08-05,Islamabad,39.6,47.5,5.15,19308.22,1,0,8,2
2024-08-06,Islamabad,39.5,62.6,2.84,18560.61,0,1,8,2
2024-08-07,Islamabad,39.0,57.1,1.52,18769.07,0,2,8,2
2024-08-08,Islamabad,40.3,31.5,4.88,18193.16,1,3,8,2
2024-08-09,Islamabad,39.1,59.1,4.47,18201.69,0,4,8,2
2024-08-10,Islamabad,36.6,63.5,3.44,17757.9,1,5,8,2
2024-08-11,Islamabad,31.7,62.5,3.19,17159.75,0,6,8,2
2024-08-12,Islamabad,42.5,68.5,3.08,19325.83,1,0,8,2
2024-08-13,Islamabad,40.5,72.2,4.96,19063.49,0,1,8,2
2024-08-14,Islamabad,41.1,62.4,3.19,19120.0,1,2,8,2
2024-08-15,Islamabad,38.1,53.1,3.34,18111.55,0,3,8,2
2024-08-16,Islamabad,38.2,40.0,4.6,18820.43,0,4,8,2
2024-08-17,Islamabad,31.7,89.4,2.45,16741.14,1,5,8,2
2024-08-18,Islamabad,41.3,49.6,4.24,17938.2,0,6,8,2
2024-08-19,Islamabad,38.8,53.5,4.79,18683.96,1,0,8,2
2024-08-20,Islamabad,40.6,65.0,3.68,19304.52,0,1,8,2
2024-08-21,Islamabad,40.9,63.1,2.96,19211.53,0,2,8,2
2024-08-22,Islamabad,41.3,71.9,4.27,18691.81,0,3,8,2
2024-08-23,Islamabad,35.7,63.0,4.71,18010.83,0,4,8,2
2024-08-24,Islamabad,42.8,64.5,3.21,19250.27,0,5,8,2
2024-08-25,Islamabad,41.1,65.7,4.37,18745.85,0,6,8,2
2024-08-26,Islamabad,37.5,61.3,3.29,18517.76,0,0,8,2
2024-08-27,Islamabad,34.2,43.6,2.44,18609.47,0,1,8,2
2024-08-28,Islamabad,36.1,46.8,5.47,18721.53,0,2,8,2
2024-08-29,Islamabad,31.3,53.2,3.57,17813.6,0,3,8,2
2024-08-30,Islamabad,33.8,43.5,4.73,18986.13,0,4,8,2
2024-08-31,Islamabad,40.0,65.8,3.2,18404.03,0,5,8,2
2024-09-01,Islamabad,21.2,52.2,1.47,14396.87,0,6,9,3
2024-09-02,Islamabad,29.9,48.8,1.21,17169.32,0,0,9,3
2024-09-03,Islamabad,20.1,64.4,2.32,14898.06,0,1,9,3
2024-09-04,Islamabad,20.2,60.5,5.72,15141.94,1,2,9,3
2024-09-05,Islamabad,17.0,59.4,3.48,14683.25,0,3,9,3
2024-09-06,Islamabad,22.1,55.6,4.07,15490.64,0,4,9,3
2024-09-07,Islamabad,25.2,55.4,2.66,14917.41,0,5,9,3
2024-09-08,Islamabad,30.7,52.0,3.17,16725.11,0,6,9,3
2024-09-09,Islamabad,21.4,63.9,3.15,15905.46,0,0,9,3
2024-09-10,Islamabad,26.2,47.2,6.17,15620.57,0,1,9,3
2024-09-11,Islamabad,28.2,59.1,3.28,16568.87,1,2,9,3
2024-09-12,Islamabad,31.1,71.2,1.66,17358.46,0,3,9,3
2024-09-13,Islamabad,24.6,80.8,2.54,16731.28,0,4,9,3
2024-09-14,Islamabad,29.9,66.0,3.86,15909.31,0,5,9,3
2024-09-15,Islamabad,23.1,53.0,2.8,14313.49,0,6,9,3
2024-09-16,Islamabad,22.1,53.0,2.59,15430.17,0,0,9,3
2024-09-17,Islamabad,26.2,39.4,3.9,16650.55,0,1,9,3
2024-09-18,Islamabad,19.1,42.7,4.33,15800.67,0,2,9,3
2024-09-19,Islamabad,21.5,54.4,4.17,15332.99,0,3,9,3
2024-09-20,Islamabad,20.0,61.3,2.4,15049.95,0,4,9,3
2024-09-21,Islamabad,21.3,67.4,4.81,14769.04,0,5,9,3
2024-09-22,Islamabad,22.3,40.9,3.59,15056.13,0,6,9,3
2024-09-23,Islamabad,36.6,58.9,3.73,18164.77,1,0,9,3
2024-09-24,Islamabad,27.5,60.8,2.22,16058.86,0,1,9,3
2024-09-25,Islamabad,15.8,60.1,2.18,13087.35,0,2,9,3
2024-09-26,Islamabad,29.2,55.3,3.8,16835.55,0,3,9,3
2024-09-27,Islamabad,25.4,54.0,4.6,15936.69,0,4,9,3
2024-09-28,Islamabad,27.8,61.0,2.89,15650.26,0,5,9,3
2024-09-29,Islamabad,27.7,46.0,3.53,15731.95,0,6,9,3
2024-09-30,Islamabad,23.9,57.0,6.46,15624.78,0,0,9,3
2024-10-01,Islamabad,25.1,41.9,2.22,15857.74,0,1,10,3
2024-10-02,Islamabad,27.5,55.5,1.34,16184.49,0,2,10,3
2024-10-03,Islamabad,20.3,53.6,2.05,15360.63,0,3,10,3
2024-10-04,Islamabad,20.2,59.2,2.67,15002.15,0,4,10,3
2024-10-05,Islamabad,25.7,51.6,2.76,15197.43,0,5,10,3
2024-10-06,Islamabad,25.1,47.7,1.66,15671.9,0,6,10,3
2024-10-07,Islamabad,12.2,64.3,1.86,13333.7,0,0,10,3
2024-10-08,Islamabad,31.0,51.8,4.55,17588.91,1,1,10,3
2024-10-09,Islamabad,22.1,29.1,2.84,15619.39,0,2,10,3
2024-10-10,Islamabad,20.0,54.7,1.15,16036.17,0,3,10,3
2024-10-11,Islamabad,24.9,45.7,2.97,15530.29,0,4,10,3
2024-10-12,Islamabad,13.5,50.6,2.45,11759.12,0,5,10,3
2024-10-13,Islamabad,21.7,65.4,2.77,15443.93,0,6,10,3
2024-10-14,Islamabad,24.6,64.2,5.19,16518.9,0,0,10,3
2024-10-15,Islamabad,31.5,70.6,3.54,16925.03,0,1,10,3
2024-10-16,Islamabad,25.4,72.2,3.23,16133.67,0,2,10,3
2024-10-17,Islamabad,23.2,56.8,1.88,15148.87,0,3,10,3
2024-10-18,Islamabad,28.4,66.6,2.96,16462.24,0,4,10,3
2024-10-19,Islamabad,30.9,62.2,4.7,16007.31,0,5,10,3
2024-10-20,Islamabad,18.7,50.0,3.84,13484.6,0,6,10,3
2024-10-21,Islamabad,27.3,76.7,2.73,16919.81,0,0,10,3
2024-10-22,Islamabad,32.3,73.0,4.39,17752.33,0,1,10,3
2024-10-23,Islamabad,23.2,46.6,2.25,14651.87,0,2,10,3
2024-10-24,Islamabad,27.9,56.5,2.92,16413.71,0,3,10,3
2024-10-25,Islamabad,26.5,63.2,4.53,16015.87,0,4,10,3
2024-10-26,Islamabad,29.2,46.9,4.96,15967.54,0,5,10,3
2024-10-27,Islamabad,28.3,66.7,3.72,15214.47,0,6,10,3
2024-10-28,Islamabad,24.5,54.1,4.48,16194.58,0,0,10,3
2024-10-29,Islamabad,31.2,55.2,3.87,18089.39,0,1,10,3
2024-10-30,Islamabad,15.5,55.8,5.67,14412.6,0,2,10,3
2024-10-31,Islamabad,31.4,61.7,3.33,16677.6,1,3,10,3
2024-11-01,Islamabad,29.1,45.7,5.05,16617.05,0,4,11,3
2024-11-02,Islamabad,33.3,58.9,2.06,17092.21,0,5,11,3
2024-11-03,Islamabad,26.4,69.5,1.76,14924.83,0,6,11,3
2024-11-04,Islamabad,28.6,51.3,5.57,16522.56,0,0,11,3
2024-11-05,Islamabad,16.5,69.6,5.52,13925.7,1,1,11,3
2024-11-06,Islamabad,17.4,67.6,2.84,15753.44,0,2,11,3
2024-11-07,Islamabad,25.6,48.1,5.73,17069.76,0,3,11,3
2024-11-08,Islamabad,30.1,60.9,4.43,16748.47,0,4,11,3
2024-11-09,Islamabad,30.6,48.5,4.64,16656.92,0,5,11,3
2024-11-10,Islamabad,19.3,53.1,2.64,13125.04,0,6,11,3
2024-11-11,Islamabad,27.4,41.3,3.73,16768.44,0,0,11,3
2024-11-12,Islamabad,31.1,60.8,3.23,16741.31,0,1,11,3
2024-11-13,Islamabad,31.0,35.6,2.0,17372.96,0,2,11,3
2024-11-14,Islamabad,25.7,37.3,3.89,16067.08,0,3,11,3
2024-11-15,Islamabad,30.2,53.1,3.06,17233.85,0,4,11,3
2024-11-16,Islamabad,19.2,26.3,3.47,14916.21,0,5,11,3
2024-11-17,Islamabad,29.5,62.8,3.93,15551.25,0,6,11,3
2024-11-18,Islamabad,28.8,67.3,3.38,16664.24,0,0,11,3
2024-11-19,Islamabad,26.8,52.8,2.49,15893.61,0,1,11,3
2024-11-20,Islamabad,32.5,52.3,3.47,17119.08,1,2,11,3
2024-11-21,Islamabad,25.5,43.7,1.38,15588.32,0,3,11,3
2024-11-22,Islamabad,25.3,60.2,1.62,15802.46,0,4,11,3
2024-11-23,Islamabad,19.4,60.7,1.9,15297.0,0,5,11,3
2024-11-24,Islamabad,16.9,66.6,2.62,13179.74,0,6,11,3
2024-11-25,Islamabad,30.1,81.6,3.15,17093.66,0,0,11,3
2024-11-26,Islamabad,20.9,55.9,2.21,13711.73,0,1,11,3
2024-11-27,Islamabad,22.8,75.1,5.62,15034.43,0,2,11,3
2024-11-28,Islamabad,25.1,47.7,3.28,16708.23,0,3,11,3
2024-11-29,Islamabad,21.9,61.0,2.65,15116.3,0,4,11,3
2024-11-30,Islamabad,25.6,71.2,3.89,15196.49,0,5,11,3
2024-12-01,Islamabad,8.6,74.1,3.88,11895.66,0,6,12,0
2024-12-02,Islamabad,13.5,69.4,3.28,15303.04,0,0,12,0
2024-12-03,Islamabad,14.2,74.0,5.07,13546.64,0,1,12,0
2024-12-04,Islamabad,10.5,58.5,4.6,12756.54,0,2,12,0
2024-12-05,Islamabad,14.8,74.3,4.42,13854.61,0,3,12,0
2024-12-06,Islamabad,11.9,63.2,2.73,13902.77,0,4,12,0
2024-12-07,Islamabad,8.9,73.9,2.84,11729.7,0,5,12,0
2024-12-08,Islamabad,6.2,73.4,5.98,10902.14,1,6,12,0
2024-12-09,Islamabad,10.8,71.9,4.13,13156.12,0,0,12,0
2024-12-10,Islamabad,5.8,73.4,3.28,12642.95,0,1,12,0
2024-12-11,Islamabad,10.1,67.9,5.65,13138.16,0,2,12,0
2024-12-12,Islamabad,10.8,67.2,3.91,13007.81,0,3,12,0
2024-12-13,Islamabad,17.2,72.8,3.14,13468.66,0,4,12,0
2024-12-14,Islamabad,1.5,65.1,5.06,10491.08,0,5,12,0
2024-12-15,Islamabad,12.2,63.3,2.82,12431.3,0,6,12,0
2024-12-16,Islamabad,16.5,67.4,4.96,15052.96,0,0,12,0
2024-12-17,Islamabad,9.6,79.8,3.55,12985.35,0,1,12,0
2024-12-18,Islamabad,5.3,79.5,2.94,12157.35,0,2,12,0
2024-12-19,Islamabad,8.4,74.2,2.89,13067.11,0,3,12,0
2024-12-20,Islamabad,10.5,85.5,2.3,12762.23,1,4,12,0
2024-12-21,Islamabad,14.1,59.5,4.37,13356.68,0,5,12,0
2024-12-22,Islamabad,11.6,68.1,4.31,13477.8,0,6,12,0
2024-12-23,Islamabad,3.2,51.8,3.67,12186.4,0,0,12,0
2024-12-24,Islamabad,7.9,69.3,3.9,12666.99,0,1,12,0
2024-12-25,Islamabad,8.3,76.0,3.74,12810.31,0,2,12,0
2024-12-26,Islamabad,6.3,78.7,2.86,12655.68,0,3,12,0
2024-12-27,Islamabad,11.4,64.8,2.41,13317.54,0,4,12,0
2024-12-28,Islamabad,9.9,67.6,4.46,11376.31,0,5,12,0
2024-12-29,Islamabad,14.2,63.1,4.01,13489.66,0,6,12,0
2024-12-30,Islamabad,9.6,68.6,3.58,13497.38,0,0,12,0
2024-12-31,Islamabad,11.4,79.3,3.82,13598.99,0,1,12,0
2025-01-01,Islamabad,10.8,78.0,0.26,13490.6,0,2,1,0
2025-01-02,Islamabad,15.9,67.2,4.56,14294.25,0,3,1,0
2025-01-03,Islamabad,16.4,80.5,5.47,14660.89,0,4,1,0
2025-01-04,Islamabad,6.1,70.2,3.19,10226.22,0,5,1,0
2025-01-05,Islamabad,10.5,74.4,3.55,13146.09,0,6,1,0
2025-01-06,Islamabad,9.6,68.5,2.97,11811.7,1,0,1,0
2025-01-07,Islamabad,8.3,64.5,1.81,12615.01,0,1,1,0
2025-01-08,Islamabad,6.4,64.6,3.25,12287.97,1,2,1,0
2025-01-09,Islamabad,8.8,64.0,3.88,13422.86,0,3,1,0
2025-01-10,Islamabad,11.5,68.6,2.57,13204.71,0,4,1,0
2025-01-11,Islamabad,8.7,63.6,4.79,11955.41,0,5,1,0
2025-01-12,Islamabad,8.4,64.8,1.85,10951.71,0,6,1,0
2025-01-13,Islamabad,11.1,74.1,1.6,13661.22,0,0,1,0
2025-01-14,Islamabad,10.6,65.1,2.65,13287.3,0,1,1,0
2025-01-15,Islamabad,1.4,64.2,3.25,10784.96,0,2,1,0
2025-01-16,Islamabad,12.0,68.7,4.97,13988.09,0,3,1,0
2025-01-17,Islamabad,9.6,70.2,4.35,13037.74,0,4,1,0
2025-01-18,Islamabad,11.5,75.1,3.57,12132.84,0,5,1,0
2025-01-19,Islamabad,9.9,68.3,3.35,11232.49,0,6,1,0
2025-01-20,Islamabad,2.2,75.9,4.53,12076.15,0,0,1,0
2025-01-21,Islamabad,7.4,84.2,2.07,12942.6,0,1,1,0
2025-01-22,Islamabad,8.9,81.5,4.13,13031.73,0,2,1,0
2025-01-23,Islamabad,9.5,76.5,4.45,12018.29,0,3,1,0
2025-01-24,Islamabad,16.3,76.2,2.32,15009.53,0,4,1,0
2025-01-25,Islamabad,5.6,68.3,3.13,11705.27,0,5,1,0
2025-01-26,Islamabad,10.2,68.7,1.8,12846.32,0,6,1,0
2025-01-27,Islamabad,3.3,63.6,4.66,12461.04,0,0,1,0
2025-01-28,Islamabad,17.6,66.3,3.44,13939.78,1,1,1,0
2025-01-29,Islamabad,12.2,70.1,2.98,13382.22,1,2,1,0
2025-01-30,Islamabad,5.6,67.1,1.34,11943.99,0,3,1,0
2025-01-31,Islamabad,12.8,67.3,4.91,13742.38,0,4,1,0
2025-02-01,Islamabad,3.8,58.1,4.13,9948.79,0,5,2,0
2025-02-02,Islamabad,16.9,87.9,4.27,13836.43,0,6,2,0
2025-02-03,Islamabad,5.7,63.0,1.99,11716.76,0,0,2,0
2025-02-04,Islamabad,2.1,76.0,2.21,11536.18,0,1,2,0
2025-02-05,Islamabad,9.2,88.7,3.85,13285.5,0,2,2,0
2025-02-06,Islamabad,5.1,74.0,2.94,11963.39,0,3,2,0
2025-02-07,Islamabad,3.9,71.9,3.82,12664.94,0,4,2,0
2025-02-08,Islamabad,11.2,66.9,3.82,12274.84,0,5,2,0
2025-02-09,Islamabad,9.5,60.6,3.48,12295.57,0,6,2,0
2025-02-10,Islamabad,2.9,80.1,2.41,11254.69,0,0,2,0
2025-02-11,Islamabad,11.0,50.6,6.76,13057.52,0,1,2,0
2025-02-12,Islamabad,9.8,72.3,4.13,13278.69,0,2,2,0
2025-02-13,Islamabad,14.7,68.4,3.34,14434.43,0,3,2,0
2025-02-14,Islamabad,12.6,71.6,3.48,13330.46,0,4,2,0
2025-02-15,Islamabad,13.8,78.8,3.01,12588.03,0,5,2,0
2025-02-16,Islamabad,7.5,76.9,4.64,11955.17,0,6,2,0
2025-02-17,Islamabad,12.1,75.7,4.01,13115.11,0,0,2,0
2025-02-18,Islamabad,14.8,75.7,3.92,14486.21,0,1,2,0
2025-02-19,Islamabad,6.7,69.8,1.53,11527.53,0,2,2,0
2025-02-20,Islamabad,6.8,67.5,1.23,12472.71,0,3,2,0
2025-02-21,Islamabad,15.8,70.0,3.28,14205.27,0,4,2,0
2025-02-22,Islamabad,3.6,63.9,2.58,10444.0,0,5,2,0
2025-02-23,Islamabad,9.4,75.6,3.17,12392.74,0,6,2,0
2025-02-24,Islamabad,12.5,60.1,3.57,13647.02,0,0,2,0
2025-02-25,Islamabad,6.6,72.7,3.51,12818.12,0,1,2,0
2025-02-26,Islamabad,17.2,79.9,3.75,14194.59,0,2,2,0
2025-02-27,Islamabad,13.4,74.5,3.78,14359.55,0,3,2,0
2025-02-28,Islamabad,11.6,65.9,3.47,12429.39,0,4,2,0
2025-03-01,Islamabad,26.7,45.5,2.75,15542.93,0,5,3,1
2025-03-02,Islamabad,23.4,56.6,4.49,14438.54,0,6,3,1
2025-03-03,Islamabad,23.6,47.2,4.37,15482.93,0,0,3,1
2025-03-04,Islamabad,26.3,56.9,4.52,16193.88,0,1,3,1
2025-03-05,Islamabad,24.7,74.8,5.38,15270.4,0,2,3,1
2025-03-06,Islamabad,29.8,67.4,3.61,17064.06,0,3,3,1
2025-03-07,Islamabad,26.0,52.2,2.97,16273.19,0,4,3,1
2025-03-08,Islamabad,25.0,61.0,1.77,14052.44,0,5,3,1
2025-03-09,Islamabad,18.0,40.8,4.98,13635.39,0,6,3,1
2025-03-10,Islamabad,28.1,43.6,4.75,16584.33,0,0,3,1
2025-03-11,Islamabad,29.9,71.0,2.61,16761.96,0,1,3,1
2025-03-12,Islamabad,20.7,66.3,2.07,15951.67,0,2,3,1
2025-03-13,Islamabad,26.0,53.5,2.45,15486.03,0,3,3,1
2025-03-14,Islamabad,25.2,45.0,4.39,15784.31,1,4,3,1
2025-03-15,Islamabad,17.4,43.7,3.24,12355.28,0,5,3,1
2025-03-16,Islamabad,37.1,62.8,3.48,17481.17,0,6,3,1
2025-03-17,Islamabad,35.1,57.2,4.76,17656.18,0,0,3,1
2025-03-18,Islamabad,27.2,55.2,4.31,16734.38,0,1,3,1
2025-03-19,Islamabad,29.9,47.6,0.91,17108.64,0,2,3,1
2025-03-20,Islamabad,25.8,55.5,3.71,16286.74,0,3,3,1
2025-03-21,Islamabad,13.6,45.6,3.03,13636.69,0,4,3,1
2025-03-22,Islamabad,24.5,38.6,3.29,15927.48,0,5,3,1
2025-03-23,Islamabad,27.7,55.5,3.25,15412.08,0,6,3,1
2025-03-24,Islamabad,23.1,51.8,5.04,15903.65,0,0,3,1
2025-03-25,Islamabad,26.6,51.3,1.94,17114.76,0,1,3,1
2025-03-26,Islamabad,20.9,42.4,3.22,15422.32,0,2,3,1
2025-03-27,Islamabad,26.7,61.2,2.19,16252.15,0,3,3,1
2025-03-28,Islamabad,17.0,56.8,5.93,14395.74,1,4,3,1
2025-03-29,Islamabad,29.2,48.8,6.13,15094.29,0,5,3,1
2025-03-30,Islamabad,17.9,52.3,2.98,14070.32,0,6,3,1
2025-03-31,Islamabad,25.2,58.3,2.99,15239.28,0,0,3,1
2025-04-01,Islamabad,25.9,48.4,4.01,16199.28,0,1,4,1
2025-04-02,Islamabad,24.6,42.6,2.35,16330.54,0,2,4,1
2025-04-03,Islamabad,20.2,59.7,5.28,15221.37,0,3,4,1
2025-04-04,Islamabad,28.1,52.9,4.25,15983.79,0,4,4,1
2025-04-05,Islamabad,29.4,50.5,2.94,16215.27,0,5,4,1
2025-04-06,Islamabad,24.9,50.1,2.54,15349.75,0,6,4,1
2025-04-07,Islamabad,28.7,53.2,2.72,17404.84,0,0,4,1
2025-04-08,Islamabad,26.2,56.5,3.62,16541.38,0,1,4,1
2025-04-09,Islamabad,21.6,62.9,1.14,15761.67,0,2,4,1
2025-04-10,Islamabad,21.4,49.0,1.67,15306.21,1,3,4,1
2025-04-11,Islamabad,23.0,61.9,3.63,15885.17,0,4,4,1
2025-04-12,Islamabad,27.7,81.3,2.53,16228.17,0,5,4,1
2025-04-13,Islamabad,24.1,64.2,3.35,15766.46,0,6,4,1
2025-04-14,Islamabad,27.0,41.7,2.84,15895.92,0,0,4,1
2025-04-15,Islamabad,12.0,57.0,4.02,13597.93,0,1,4,1
2025-04-16,Islamabad,30.2,62.4,2.36,17248.37,0,2,4,1
2025-04-17,Islamabad,16.1,58.2,2.89,14180.65,0,3,4,1
2025-04-18,Islamabad,28.5,29.4,2.62,16178.64,0,4,4,1
2025-04-19,Islamabad,28.4,43.5,4.3,16110.67,0,5,4,1
2025-04-20,Islamabad,19.7,43.0,4.54,14427.52,0,6,4,1
2025-04-21,Islamabad,28.9,52.5,2.78,17494.58,0,0,4,1
2025-04-22,Islamabad,22.0,57.3,5.66,15593.12,0,1,4,1
2025-04-23,Islamabad,27.1,69.0,4.28,15666.86,0,2,4,1
2025-04-24,Islamabad,29.9,63.0,3.54,16492.3,0,3,4,1
2025-04-25,Islamabad,28.0,53.2,4.14,17050.55,0,4,4,1
2025-04-26,Islamabad,29.1,54.3,4.8,16478.15,0,5,4,1
2025-04-27,Islamabad,29.2,48.8,2.83,15488.86,0,6,4,1
2025-04-28,Islamabad,30.3,64.4,4.26,17102.19,0,0,4,1
2025-04-29,Islamabad,19.5,51.1,4.33,15332.85,0,1,4,1
2025-04-30,Islamabad,24.7,59.5,4.43,15438.99,0,2,4,1
2025-05-01,Islamabad,27.5,55.5,3.51,16170.51,0,3,5,1
2025-05-02,Islamabad,23.8,57.7,3.79,16455.44,0,4,5,1
2025-05-03,Islamabad,22.6,46.4,4.33,14525.16,0,5,5,1
2025-05-04,Islamabad,21.8,62.7,4.83,15517.96,0,6,5,1
2025-05-05,Islamabad,23.2,56.4,1.37,15835.05,0,0,5,1
2025-05-06,Islamabad,31.2,39.8,4.96,16815.56,0,1,5,1
2025-05-07,Islamabad,22.3,37.9,2.16,16082.1,0,2,5,1
2025-05-08,Islamabad,27.7,53.5,5.16,17114.37,0,3,5,1
2025-05-09,Islamabad,23.2,41.7,3.0,15770.37,0,4,5,1
2025-05-10,Islamabad,22.5,38.3,1.91,14731.66,0,5,5,1
2025-05-11,Islamabad,23.8,45.8,4.57,15487.22,0,6,5,1
2025-05-12,Islamabad,19.5,38.4,2.51,14560.35,0,0,5,1
2025-05-13,Islamabad,20.4,45.0,3.75,15112.81,0,1,5,1
2025-05-14,Islamabad,24.6,56.9,3.74,15510.25,0,2,5,1
2025-05-15,Islamabad,18.5,63.3,4.47,14126.29,0,3,5,1
2025-05-16,Islamabad,17.1,64.3,4.29,13656.76,0,4,5,1
2025-05-17,Islamabad,27.8,58.4,3.97,15088.24,0,5,5,1
2025-05-18,Islamabad,20.7,72.0,3.55,14207.51,0,6,5,1
2025-05-19,Islamabad,27.9,54.4,4.85,16405.02,0,0,5,1
2025-05-20,Islamabad,20.7,53.6,3.88,15230.44,0,1,5,1
2025-05-21,Islamabad,22.8,38.9,5.6,16253.96,0,2,5,1
2025-05-22,Islamabad,29.0,45.3,3.93,17091.5,1,3,5,1
2025-05-23,Islamabad,21.1,48.1,2.4,14800.32,0,4,5,1
2025-05-24,Islamabad,33.5,52.0,5.44,17403.56,1,5,5,1
2025-05-25,Islamabad,27.5,59.7,3.59,16071.03,0,6,5,1
2025-05-26,Islamabad,32.1,61.8,3.69,18272.99,0,0,5,1
2025-05-27,Islamabad,28.4,52.9,4.79,17865.27,0,1,5,1
2025-05-28,Islamabad,29.1,52.3,4.83,17130.94,0,2,5,1
2025-05-29,Islamabad,18.3,61.9,2.77,15521.08,0,3,5,1
2025-05-30,Islamabad,27.7,56.8,2.93,15651.57,1,4,5,1
2025-05-31,Islamabad,25.1,35.8,3.48,14880.52,0,5,5,1
2025-06-01,Islamabad,38.8,56.2,5.6,17442.11,1,6,6,2
2025-06-02,Islamabad,37.2,57.2,4.45,18602.65,0,0,6,2
2025-06-03,Islamabad,35.9,63.3,2.29,17624.85,1,1,6,2
2025-06-04,Islamabad,46.8,72.4,1.88,19708.23,0,2,6,2
2025-06-05,Islamabad,36.0,70.1,2.13,17517.47,0,3,6,2
2025-06-06,Islamabad,37.3,51.5,3.71,19954.75,1,4,6,2
2025-06-07,Islamabad,39.3,68.5,3.71,18132.93,0,5,6,2
2025-06-08,Islamabad,44.2,48.7,4.07,18570.74,1,6,6,2
2025-06-09,Islamabad,34.9,67.4,3.63,18850.11,0,0,6,2
2025-06-10,Islamabad,35.9,47.4,3.24,18020.01,0,1,6,2
2025-06-11,Islamabad,33.7,66.0,3.32,17452.96,0,2,6,2
2025-06-12,Islamabad,41.1,80.9,1.6,18272.87,0,3,6,2
2025-06-13,Islamabad,41.3,70.6,3.5,18602.97,0,4,6,2
2025-06-14,Islamabad,39.0,69.2,2.28,18039.54,0,5,6,2
2025-06-15,Islamabad,37.0,52.1,4.02,17195.53,1,6,6,2
2025-06-16,Islamabad,40.6,57.7,3.55,18390.77,0,0,6,2
2025-06-17,Islamabad,37.9,52.4,5.93,19051.82,0,1,6,2
2025-06-18,Islamabad,38.8,77.6,3.95,18962.96,0,2,6,2
2025-06-19,Islamabad,31.7,58.1,3.21,18063.59,0,3,6,2
2025-06-20,Islamabad,35.6,59.4,4.98,17891.33,0,4,6,2
2025-06-21,Islamabad,37.2,69.4,4.1,17656.71,1,5,6,2
2025-06-22,Islamabad,36.2,62.1,4.94,17190.03,0,6,6,2
2025-06-23,Islamabad,34.8,53.1,1.99,17217.82,0,0,6,2
2025-06-24,Islamabad,36.2,37.9,4.58,18874.59,0,1,6,2
2025-06-25,Islamabad,37.4,81.1,3.82,19231.13,1,2,6,2
2025-06-26,Islamabad,39.4,74.6,4.35,19268.9,0,3,6,2
2025-06-27,Islamabad,34.6,60.6,4.79,18676.54,0,4,6,2
2025-06-28,Islamabad,36.7,55.2,3.86,17765.77,0,5,6,2
2025-06-29,Islamabad,39.6,74.4,4.44,18280.14,0,6,6,2
2025-06-30,Islamabad,34.9,64.0,5.67,17871.46,0,0,6,2
2025-07-01,Islamabad,36.1,49.9,2.59,17878.12,0,1,7,2
2025-07-02,Islamabad,38.0,69.0,2.41,19369.01,0,2,7,2
2025-07-03,Islamabad,41.3,66.0,4.61,18715.73,1,3,7,2
2025-07-04,Islamabad,38.5,65.5,2.09,18255.57,1,4,7,2
2025-07-05,Islamabad,35.0,67.0,1.67,17500.95,0,5,7,2
2025-07-06,Islamabad,39.7,66.3,2.66,18422.39,1,6,7,2
2025-07-07,Islamabad,35.2,74.3,2.95,17997.15,1,0,7,2
2025-07-08,Islamabad,39.0,44.4,3.61,18678.07,0,1,7,2
2025-07-09,Islamabad,40.0,57.1,2.94,19324.76,0,2,7,2
2025-07-10,Islamabad,40.3,66.1,2.28,18932.03,1,3,7,2
2025-07-11,Islamabad,41.6,54.0,1.33,19649.15,0,4,7,2
2025-07-12,Islamabad,39.9,73.3,3.96,18718.73,0,5,7,2
2025-07-13,Islamabad,40.9,63.3,5.46,19257.44,0,6,7,2
2025-07-14,Islamabad,36.9,75.6,2.52,19155.34,1,0,7,2
2025-07-15,Islamabad,40.1,61.6,3.25,19302.43,0,1,7,2
2025-07-16,Islamabad,39.9,68.9,2.79,19037.08,0,2,7,2
2025-07-17,Islamabad,41.6,71.7,4.17,19233.52,1,3,7,2
2025-07-18,Islamabad,43.9,60.0,4.71,20448.29,1,4,7,2
2025-07-19,Islamabad,39.2,49.8,2.05,18229.21,0,5,7,2
2025-07-20,Islamabad,44.0,54.7,3.1,19163.41,1,6,7,2
2025-07-21,Islamabad,39.6,73.3,4.52,19163.73,0,0,7,2
2025-07-22,Islamabad,38.1,65.6,0.46,18477.81,1,1,7,2
2025-07-23,Islamabad,33.0,65.4,3.68,17989.8,0,2,7,2
2025-07-24,Islamabad,36.6,58.5,3.41,18094.69,1,3,7,2
2025-07-25,Islamabad,40.8,62.6,3.9,19558.53,1,4,7,2
2025-07-26,Islamabad,39.9,52.0,4.57,17861.93,0,5,7,2
2025-07-27,Islamabad,38.9,60.7,4.93,17913.14,1,6,7,2
2025-07-28,Islamabad,36.5,58.0,3.25,17916.85,1,0,7,2
2025-07-29,Islamabad,36.0,53.0,1.42,18088.78,1,1,7,2
2025-07-30,Islamabad,37.2,57.6,3.43,18686.01,1,2,7,2
2025-07-31,Islamabad,36.2,70.5,2.28,17851.79,1,3,7,2
2025-08-01,Islamabad,35.7,47.0,2.95,18228.72,1,4,8,2
2025-08-02,Islamabad,36.9,63.3,4.56,17382.24,1,5,8,2
2025-08-03,Islamabad,37.9,51.5,4.19,16888.2,0,6,8,2
2025-08-04,Islamabad,38.7,49.4,2.1,18750.87,0,0,8,2
2025-08-05,Islamabad,37.7,42.2,3.4,18126.19,0,1,8,2
2025-08-06,Islamabad,34.4,36.8,4.15,18709.06,0,2,8,2
2025-08-07,Islamabad,39.4,63.7,3.97,17925.4,0,3,8,2
2025-08-08,Islamabad,34.4,55.0,5.54,17852.01,0,4,8,2
2025-08-09,Islamabad,41.7,59.4,4.64,18364.88,0,5,8,2
2025-08-10,Islamabad,36.4,40.4,2.91,17656.78,1,6,8,2
2025-08-11,Islamabad,43.7,76.3,6.16,19662.96,1,0,8,2
2025-08-12,Islamabad,31.7,68.6,2.43,17543.04,0,1,8,2
2025-08-13,Islamabad,36.2,51.6,2.77,17977.12,0,2,8,2
2025-08-14,Islamabad,39.1,58.1,3.58,19050.77,1,3,8,2
2025-08-15,Islamabad,41.7,54.9,2.64,19215.51,0,4,8,2
2025-08-16,Islamabad,39.2,64.7,4.12,17552.02,1,5,8,2
2025-08-17,Islamabad,39.2,56.9,2.49,17601.82,1,6,8,2
2025-08-18,Islamabad,38.9,63.8,5.12,19122.16,1,0,8,2
2025-08-19,Islamabad,31.7,54.2,3.46,16892.94,0,1,8,2
2025-08-20,Islamabad,36.0,52.7,3.42,18651.28,0,2,8,2
2025-08-21,Islamabad,36.2,64.6,0.2,17986.02,0,3,8,2
2025-08-22,Islamabad,41.5,56.3,2.78,18748.0,0,4,8,2
2025-08-23,Islamabad,40.3,62.2,4.11,20224.04,1,5,8,2
2025-08-24,Islamabad,38.2,54.9,4.94,17724.47,1,6,8,2
2025-08-25,Islamabad,37.9,55.8,2.82,18737.45,0,0,8,2
2025-08-26,Islamabad,35.6,54.5,4.97,17867.66,0,1,8,2
2025-08-27,Islamabad,36.4,63.6,2.62,18657.76,0,2,8,2
2025-08-28,Islamabad,40.2,61.1,2.73,18962.6,1,3,8,2
2025-08-29,Islamabad,38.3,73.0,2.64,19031.34,0,4,8,2
2025-08-30,Islamabad,39.5,62.0,4.33,17372.13,0,5,8,2
2025-08-31,Islamabad,40.6,55.4,2.43,18799.14,1,6,8,2
2025-09-01,Islamabad,30.0,65.4,2.19,16351.57,0,0,9,3
2025-09-02,Islamabad,16.8,51.1,4.7,14127.27,0,1,9,3
2025-09-03,Islamabad,22.7,43.5,2.19,15680.76,0,2,9,3
2025-09-04,Islamabad,25.4,25.1,3.28,15269.97,0,3,9,3
2025-09-05,Islamabad,29.1,63.2,4.54,16908.08,0,4,9,3
2025-09-06,Islamabad,20.3,72.5,4.62,14132.81,0,5,9,3
2025-09-07,Islamabad,23.6,60.9,2.17,15391.83,0,6,9,3
2025-09-08,Islamabad,22.4,44.4,4.97,15341.6,0,0,9,3
2025-09-09,Islamabad,26.1,72.1,3.42,15304.0,0,1,9,3
2025-09-10,Islamabad,18.2,74.9,4.59,14684.56,0,2,9,3
2025-09-11,Islamabad,29.3,67.5,5.79,17257.12,0,3,9,3
2025-09-12,Islamabad,16.7,45.4,3.35,14391.8,0,4,9,3
2025-09-13,Islamabad,19.9,54.0,3.68,13832.18,0,5,9,3
2025-09-14,Islamabad,25.4,52.9,2.36,15310.78,0,6,9,3
2025-09-15,Islamabad,16.3,60.8,3.42,14481.0,0,0,9,3
2025-09-16,Islamabad,22.9,73.9,4.17,14918.65,0,1,9,3
2025-09-17,Islamabad,15.7,65.3,4.02,14351.15,0,2,9,3
2025-09-18,Islamabad,18.6,41.0,2.8,15232.03,0,3,9,3
2025-09-19,Islamabad,24.7,46.5,4.98,15899.39,0,4,9,3
2025-09-20,Islamabad,31.0,50.4,3.01,16977.21,0,5,9,3
2025-09-21,Islamabad,27.1,53.1,3.9,16589.35,1,6,9,3
2025-09-22,Islamabad,12.6,48.4,4.04,13020.53,0,0,9,3
2025-09-23,Islamabad,33.6,60.0,3.34,17370.19,0,1,9,3
2025-09-24,Islamabad,28.1,56.6,2.8,16722.32,0,2,9,3
2025-09-25,Islamabad,14.1,66.4,3.98,14028.51,0,3,9,3
2025-09-26,Islamabad,18.1,47.9,3.15,14236.45,0,4,9,3
2025-09-27,Islamabad,30.8,67.9,3.3,16017.65,0,5,9,3
2025-09-28,Islamabad,26.6,51.7,3.39,15252.79,0,6,9,3
2025-09-29,Islamabad,25.8,65.2,3.52,15364.93,0,0,9,3
2025-09-30,Islamabad,26.1,61.9,1.98,17076.52,0,1,9,3
2025-10-01,Islamabad,34.9,58.5,5.45,17738.55,0,2,10,3
2025-10-02,Islamabad,26.2,52.5,4.94,16304.2,0,3,10,3
2025-10-03,Islamabad,28.7,52.9,4.29,16495.6,0,4,10,3
2025-10-04,Islamabad,15.2,56.4,1.32,13628.75,1,5,10,3
2025-10-05,Islamabad,32.5,48.1,5.07,16118.23,0,6,10,3
2025-10-06,Islamabad,24.4,60.8,2.65,16298.26,0,0,10,3
2025-10-07,Islamabad,25.4,51.6,5.04,16617.3,1,1,10,3
2025-10-08,Islamabad,18.5,60.7,4.04,13771.95,0,2,10,3
2025-10-09,Islamabad,23.4,51.6,5.3,15434.18,0,3,10,3
2025-10-10,Islamabad,24.0,47.4,4.76,16633.43,0,4,10,3
2025-10-11,Islamabad,23.1,49.9,2.79,14773.23,1,5,10,3
2025-10-12,Islamabad,15.5,68.2,3.59,13084.9,1,6,10,3
2025-10-13,Islamabad,21.6,65.0,3.62,15071.41,0,0,10,3
2025-10-14,Islamabad,25.2,59.4,4.64,15530.74,0,1,10,3
2025-10-15,Islamabad,23.8,62.8,2.74,15793.21,0,2,10,3
2025-10-16,Islamabad,27.2,59.7,2.65,16076.18,0,3,10,3
2025-10-17,Islamabad,15.1,48.9,4.31,13627.02,0,4,10,3
2025-10-18,Islamabad,10.5,51.3,2.25,11477.37,0,5,10,3
2025-10-19,Islamabad,26.3,43.1,4.23,15809.33,0,6,10,3
2025-10-20,Islamabad,22.7,48.1,2.11,14665.0,0,0,10,3
2025-10-21,Islamabad,32.8,46.4,4.13,16998.89,0,1,10,3
2025-10-22,Islamabad,20.0,47.5,1.74,14747.08,0,2,10,3
2025-10-23,Islamabad,27.6,64.7,3.05,17107.69,0,3,10,3
2025-10-24,Islamabad,21.1,68.3,2.06,15666.65,0,4,10,3
2025-10-25,Islamabad,28.0,66.2,4.76,15917.1,0,5,10,3
2025-10-26,Islamabad,36.4,48.8,1.66,16541.65,0,6,10,3
2025-10-27,Islamabad,30.7,57.1,4.61,17416.02,0,0,10,3
2025-10-28,Islamabad,20.2,48.2,2.57,15462.78,0,1,10,3
2025-10-29,Islamabad,22.7,63.9,4.58,16391.12,0,2,10,3
2025-10-30,Islamabad,28.7,72.8,1.51,16473.4,0,3,10,3
2025-10-31,Islamabad,28.6,44.6,4.24,16070.77,0,4,10,3
2025-11-01,Islamabad,26.4,45.1,2.48,16108.56,0,5,11,3
2025-11-02,Islamabad,24.0,60.3,3.12,14979.69,0,6,11,3
2025-11-03,Islamabad,19.6,74.1,1.96,15023.89,0,0,11,3
2025-11-04,Islamabad,26.1,55.8,5.45,17194.68,0,1,11,3
2025-11-05,Islamabad,16.7,65.6,3.29,14717.36,0,2,11,3
2025-11-06,Islamabad,20.0,65.4,5.78,15124.74,0,3,11,3
2025-11-07,Islamabad,28.2,65.6,3.94,16712.7,0,4,11,3
2025-11-08,Islamabad,28.3,43.6,4.96,16720.06,1,5,11,3
2025-11-09,Islamabad,20.5,66.7,4.3,15265.99,0,6,11,3
2025-11-10,Islamabad,21.2,57.9,5.34,14911.33,0,0,11,3
2025-11-11,Islamabad,20.4,68.6,4.9,15150.87,0,1,11,3
2025-11-12,Islamabad,28.0,82.7,3.62,16187.55,0,2,11,3
2025-11-13,Islamabad,17.2,70.0,3.1,14332.67,0,3,11,3
2025-11-14,Islamabad,24.8,57.7,4.78,16014.08,0,4,11,3
2025-11-15,Islamabad,31.4,58.4,2.05,15939.31,0,5,11,3
2025-11-16,Islamabad,31.0,66.4,2.55,16206.41,0,6,11,3
2025-11-17,Islamabad,26.1,44.7,4.82,16747.31,0,0,11,3
2025-11-18,Islamabad,25.0,65.8,4.39,16719.6,0,1,11,3
2025-11-19,Islamabad,35.4,44.9,3.07,18294.27,1,2,11,3
2025-11-20,Islamabad,37.8,48.6,2.48,18597.33,1,3,11,3
2025-11-21,Islamabad,26.0,46.0,1.64,16325.12,0,4,11,3
2025-11-22,Islamabad,34.9,54.8,2.49,16631.17,0,5,11,3
2025-11-23,Islamabad,32.9,60.7,5.18,16118.78,0,6,11,3
2025-11-24,Islamabad,28.0,45.8,1.07,17003.2,0,0,11,3
2025-11-25,Islamabad,19.9,67.3,2.34,15787.87,0,1,11,3
2025-11-26,Islamabad,13.7,43.2,3.76,13254.34,0,2,11,3
2025-11-27,Islamabad,22.0,53.3,3.59,14341.82,0,3,11,3
2025-11-28,Islamabad,14.7,48.1,2.39,13815.35,0,4,11,3
2025-11-29,Islamabad,16.0,41.4,2.65,14382.74,0,5,11,3
2025-11-30,Islamabad,25.9,60.1,6.43,15101.39,0,6,11,3
2025-12-01,Islamabad,3.3,61.8,3.16,11171.6,0,0,12,0
2025-12-02,Islamabad,6.6,75.4,3.6,11987.16,0,1,12,0
2025-12-03,Islamabad,10.9,78.2,4.83,12888.09,0,2,12,0
2025-12-04,Islamabad,10.5,63.7,3.25,13501.09,0,3,12,0
2025-12-05,Islamabad,9.7,69.4,5.87,12247.83,1,4,12,0
2025-12-06,Islamabad,14.8,72.5,3.44,12746.35,0,5,12,0
2025-12-07,Islamabad,12.0,74.6,3.73,12543.72,0,6,12,0
2025-12-08,Islamabad,12.2,63.5,3.38,13201.28,0,0,12,0
2025-12-09,Islamabad,12.7,71.0,3.23,14569.09,0,1,12,0
2025-12-10,Islamabad,7.6,76.8,3.29,11993.12,0,2,12,0
2025-12-11,Islamabad,7.8,68.8,4.51,12663.81,0,3,12,0
2025-12-12,Islamabad,8.8,58.4,3.89,13369.45,0,4,12,0
2025-12-13,Islamabad,11.0,81.1,4.03,12952.72,0,5,12,0
2025-12-14,Islamabad,3.9,84.0,3.56,11271.12,0,6,12,0
2025-12-15,Islamabad,12.3,59.8,1.95,13605.35,0,0,12,0
2025-12-16,Islamabad,15.6,74.4,1.65,14186.46,0,1,12,0
2025-12-17,Islamabad,9.6,63.6,3.03,12703.99,0,2,12,0
2025-12-18,Islamabad,7.8,68.9,3.84,11320.16,0,3,12,0
2025-12-19,Islamabad,14.4,67.0,3.52,13285.19,0,4,12,0
2025-12-20,Islamabad,10.5,64.1,4.72,12389.71,0,5,12,0
2025-12-21,Islamabad,10.7,59.3,3.01,12406.19,0,6,12,0
2025-12-22,Islamabad,8.0,76.6,1.53,12669.41,0,0,12,0
2025-12-23,Islamabad,13.9,53.2,4.88,14475.43,0,1,12,0
2025-12-24,Islamabad,-0.6,67.4,3.63,11140.99,0,2,12,0
2025-12-25,Islamabad,6.3,57.2,3.11,12153.62,0,3,12,0
2025-12-26,Islamabad,12.5,78.3,1.82,14819.12,0,4,12,0
2025-12-27,Islamabad,9.3,67.1,4.92,11739.82,0,5,12,0
2025-12-28,Islamabad,12.0,67.2,2.9,12899.99,0,6,12,0
2025-12-29,Islamabad,11.3,69.5,4.1,12991.58,0,0,12,0
2025-12-30,Islamabad,7.8,82.8,4.94,12698.23,0,1,12,0
